Adeline,0,155,20140629
Corey,3,161,20080421
Nicholas,4,226,20110803
Cooper,2,124,20190709
Evan,3,76,20090209
Adalyn,1,107,20220121
Bryan,0,252,20080316
Luke,2,1,20160727
Zelda,2,59,20231129
Reid,4,64,20100912
Ty,3,246,20101223
Lily,5,164,20140712
Maria,0,142,20210413
Danny,7,43,20090312
Kaylie,6,231,20080612
Everett,6,247,20170122
Blaine,4,2,20230919
Clara,2,179,20111107
Everett,6,181,20130116
Dean,3,197,20160924
Ruby,0,71,20110916
Jayda,4,171,20130815
Kyler,6,32,20120826
Roger,0,36,20110919
David,7,154,20211128
Natalia,0,50,20180630
Alivia,2,174,20130810
Korbin,6,222,20220118
Sloane,7,161,20231217
Dalton,5,65,20150705
Marley,1,146,20171219
Joe,5,178,20171125
Bailee,2,97,20141010
Liam,7,104,20150219
Jazmine,6,184,20130413
Damian,3,69,20080225
Cooper,5,255,20150824
Magnolia,3,166,20101130
Jericho,3,137,20090918
Wren,2,141,20211017
Azalea,6,55,20080213
Lachlan,1,80,20201109
Dennis,3,105,20210726
Cooper,7,202,20190217
Dawson,7,128,20170724
Heidi,3,252,20170625
Stella,3,177,20160107
Lily,2,172,20120819
Charlie,2,129,20080418
Monroe,4,65,20120722
Gemma,1,238,20210413
Emily,5,247,20101212
Carter,1,133,20200831
Porter,7,213,20170624
Annika,7,131,20201031
Joanna,7,10,20120614
Wren,2,98,20131113
Derrick,4,79,20110130
Lisa,3,40,20211119
Ezekiel,2,68,20110306
Royce,3,179,20190313
Kira,4,166,20221122
Ryann,2,71,20210603
Siena,4,40,20110129
Jayce,0,122,20081220
Celia,3,4,20110209
Ryder,3,192,20090515
Mia,6,137,20210521
Kevin,7,62,20211212
Azalea,6,43,20190322
Nevaeh,0,195,20230226
Ali,2,253,20160621
Madisyn,2,174,20180509
Victoria,3,92,20150508
Dean,2,1,20080521
Chelsea,0,106,20090615
Ali,0,26,20180921
Isabel,3,59,20150515
Alivia,7,119,20171223
Chad,3,118,20140208
Clyde,6,10,20200711
Allen,3,137,20150425
Clover,7,151,20110421
Korbin,5,153,20210110
Bryan,1,179,20141130
Abby,7,38,20080719
Cooper,2,233,20200115
Alana,5,122,20221006
Parker,1,212,20230824
Kaden,1,148,20080627
Magnolia,3,90,20110710
Chanel,6,114,20101126
Sloane,1,137,20190109
Casey,0,31,20221121
Simon,2,197,20140307
Allison,2,83,20150419
Vance,0,30,20191201
Foster,3,229,20190112
Haley,1,24,20111103
Ember,0,148,20170718